id, to, from, price, time
1000,0x6cbbd1f02c8f83776dfc6e64f880347d1f550c6a,0x665498c14f80647d2a57a1f54eee4aaa9920fae8,10001000000000000000,1603489487
1000,0x665498c14f80647d2a57a1f54eee4aaa9920fae8,0x53ede7cae3eb6a7d11429fe589c0278c9acbe21a,1000000000000000000,1553564737
1001,0x5d264e24cbade84e149aa87e3338cfd9720cbb0b,0x53ede7cae3eb6a7d11429fe589c0278c9acbe21a,350000000000000000,1561391197
1002,0xe71f03aa09c0ca99f222b018ec0e9e77478f2294,0xcc57b61f380e5b90f2118aeaf22aa444a6e34a4a,399000000000000000,1595447005
1003,0xcb4f31f170066e4d8ce9a827acddf7c36136832b,0x0f25c5ac5cbed4ff15aab4ca3639f87a453b9ab8,223513117283950618,1579271623
1003,0x0f25c5ac5cbed4ff15aab4ca3639f87a453b9ab8,0xcc57b61f380e5b90f2118aeaf22aa444a6e34a4a,290000000000000000,1554068758
1004,0x085e5d2df641a3220ac2d421917ab880669eecfd,0x53ede7cae3eb6a7d11429fe589c0278c9acbe21a,1001689506172839507,1550564461
1005,0xe1e3ef6f4a33b730dd88f21e1ac360575d134243,0xcb832de0c1f2501fbd19ee48f801d3d729fd4d04,900000000000000000,1602994370
1013,0x3945476e477de76d53b4833a46c806ef3d72b21e,0xc75efe55705770db12724dea5c901301789ddb45,1000000000000000000,1575993282
1018,0x1e3934ea7e416f4e2bc5f7d55ae9783da0061475,0xbc7de2b767fa97ea9d5ebc05a8d0c8557dcabd7b,1210000000000000000,1553267974
1019,0x8a9d49a6e9d037843560091fc280b9ff9819e462,0x51787a2c56d710c68140bdadefd3a98bff96feb4,5000000000000000000,1601093899
1020,0x2cc480e7390ccedd4d7e92bb35a8a3fc7f1572c8,0xc13133ffa01efc7af48f5783bf15dd469de849f2,1243826388888888888,1606987228
1021,0x37e6be4e0a1daa8a2f37c729034129144a5b7ed7,0xe76c8621f93fb97ee281fdc15cfed94f59bec769,25000000000000000000,1607226798
1021,0x2ab5db5654fa8191cd7e3518cb91a3e53af27e25,0x0b946efae53975b97a0d1d02f75fabf55d0d6a96,7500000000000000000,1601033881
1021,0x0b946efae53975b97a0d1d02f75fabf55d0d6a96,0xc75efe55705770db12724dea5c901301789ddb45,5000000000000000000,1585313220
1046,0x9cb8c1463471ee4d8dd6887035f4835a1745e92a,0xe293390d7651234c6dfb1f41a47358b9377c004f,300000000000000000000,1604678571
1050,0x7405fe24003a50e4f4117d35e9b5a9f5e512fede,0xe37ba1117746473db68a807ae9e37a2088bdb20f,200000000000000000,1552175008
1051,0x574319e245428c9f064006e49ad5f83947f763ec,0xe37ba1117746473db68a807ae9e37a2088bdb20f,291819444444444445,1552809919
1052,0x665498c14f80647d2a57a1f54eee4aaa9920fae8,0xe293390d7651234c6dfb1f41a47358b9377c004f,3300000000000000000,1601055454
1052,0xe293390d7651234c6dfb1f41a47358b9377c004f,0xcc57b61f380e5b90f2118aeaf22aa444a6e34a4a,2750000000000000000,1601036359
1052,0xcc57b61f380e5b90f2118aeaf22aa444a6e34a4a,0x88207b431510dbe0addbdae3bd53013813fc8c71,1030341435185185186,1561223003
1053,0xc9ab5825ceacc38a014ecc349bd3fb8572de81d4,0x3d0d7f8720a02cfc9fee5dc7dc08181303a6ed86,1450000000000000000,1618863402
1053,0x7b5263f47c96dfbb03a71443d29a2af18a130906,0xcc57b61f380e5b90f2118aeaf22aa444a6e34a4a,250000000000000000,1552966789
1053,0xcc57b61f380e5b90f2118aeaf22aa444a6e34a4a,0xe37ba1117746473db68a807ae9e37a2088bdb20f,112726851851851852,1552848486
1054,0x5471e782bb6b159c27e15554b28a963e5a2657f8,0xcc57b61f380e5b90f2118aeaf22aa444a6e34a4a,290000000000000000,1554701173
1054,0x1a7a8a564c2133caf4e3f9fcc27f956f9fba6653,0xe37ba1117746473db68a807ae9e37a2088bdb20f,126233796296296297,1553261844
1055,0xcc57b61f380e5b90f2118aeaf22aa444a6e34a4a,0xe37ba1117746473db68a807ae9e37a2088bdb20f,112972222222222223,1552848508
1056,0x05308684a12889ae50b76de3c1dcda26b15fd8bc,0xcb832de0c1f2501fbd19ee48f801d3d729fd4d04,1747200231481481482,1602082940
1056,0xcb832de0c1f2501fbd19ee48f801d3d729fd4d04,0x88207b431510dbe0addbdae3bd53013813fc8c71,204863425925925926,1555508417
1057,0xc3dce0210bb9639076fce424a663e42dc8821690,0xcc57b61f380e5b90f2118aeaf22aa444a6e34a4a,240000000000000000,1558910871
1057,0xcc57b61f380e5b90f2118aeaf22aa444a6e34a4a,0x88207b431510dbe0addbdae3bd53013813fc8c71,190666666666666667,1556402392
1058,0xf29dbc79ae222677f8a91dbe55cf052e61c206fd,0x7b511800a8d8e7de24dd19de3103081824b6f41d,2025963955026455026,1616880385
1058,0xc5826173d2455463d0d8a44238570dfea3375f7f,0xa4e7918fb5f4a8c12f9513b193be1d764d5757dc,225796817129629630,1572883565
1058,0xa4e7918fb5f4a8c12f9513b193be1d764d5757dc,0x88207b431510dbe0addbdae3bd53013813fc8c71,193681134259259260,1558993394
1059,0x7405fe24003a50e4f4117d35e9b5a9f5e512fede,0xe37ba1117746473db68a807ae9e37a2088bdb20f,237574074074074075,1552130551
1060,0xd1f2c10b65a8a19bd1264487cf005c1f6e68b1fb,0xe72dc2deecc76e79efedd8174cc3aa7347262d63,1500000000000000000,1613957498
1060,0xe72dc2deecc76e79efedd8174cc3aa7347262d63,0xcc57b61f380e5b90f2118aeaf22aa444a6e34a4a,180000000000000000,1575337428
1060,0xcc57b61f380e5b90f2118aeaf22aa444a6e34a4a,0x88207b431510dbe0addbdae3bd53013813fc8c71,189740740740740741,1556402549
1061,0x5d264e24cbade84e149aa87e3338cfd9720cbb0b,0x88207b431510dbe0addbdae3bd53013813fc8c71,1000000000000000000,1561304720
1062,0xae89ad222e67205e8d947f131fdc9fa139828745,0x88207b431510dbe0addbdae3bd53013813fc8c71,207831018518518519,1558867798
1063,0xd92de6e84ca5be801feb311084e1092aeb233e00,0x0f25c5ac5cbed4ff15aab4ca3639f87a453b9ab8,1500000000000000000,1552448414
1063,0x0f25c5ac5cbed4ff15aab4ca3639f87a453b9ab8,0x53ede7cae3eb6a7d11429fe589c0278c9acbe21a,1100000000000000000,1551939618
1064,0x21099184e7b0be245e3eed492288a07de2c64fd7,0x88207b431510dbe0addbdae3bd53013813fc8c71,1383969907407407408,1562165378
1065,0x6b357e2cbae33cfb53ae9c136829d98def4a9561,0xcb832de0c1f2501fbd19ee48f801d3d729fd4d04,20000000000000000000,1603371088
1065,0xcb832de0c1f2501fbd19ee48f801d3d729fd4d04,0x3f86f18322a888d9b3adef38f127c941bccc014d,5000000000000000000,1585579379
1065,0xa6bcec585f12cefba9709a080ce2efd38f871024,0x21099184e7b0be245e3eed492288a07de2c64fd7,2550000000000000000,1545675159
1066,0x665498c14f80647d2a57a1f54eee4aaa9920fae8,0x88207b431510dbe0addbdae3bd53013813fc8c71,452532407407407408,1556345723
1067,0x8eec2c10adc20749d226493677fe253e1c13ff1e,0x35a50de0f74eced9b8fa77f4845fd3a5049cbfbf,1100000000000000000,1606074096
1067,0x35a50de0f74eced9b8fa77f4845fd3a5049cbfbf,0x53ede7cae3eb6a7d11429fe589c0278c9acbe21a,285000000000000000,1552237119
1068,0x1989a4a51db6225f6d406749fda500b775f8c7d0,0x445ba6f9f553872fa9cdc14f5c0639365b39c140,25000000000000000000,1603391935
1068,0x445ba6f9f553872fa9cdc14f5c0639365b39c140,0x0f25c5ac5cbed4ff15aab4ca3639f87a453b9ab8,2324652777777777778,1568366793
1068,0x0f25c5ac5cbed4ff15aab4ca3639f87a453b9ab8,0x88207b431510dbe0addbdae3bd53013813fc8c71,3000000000000000000,1562311397
1069,0xee8eeec3e7a5ad82827480a9e00d01b1ec0a9f3b,0xcc57b61f380e5b90f2118aeaf22aa444a6e34a4a,190000000000000000,1573199490
1069,0xcc57b61f380e5b90f2118aeaf22aa444a6e34a4a,0x88207b431510dbe0addbdae3bd53013813fc8c71,159021412037037038,1557092556
1070,0x21099184e7b0be245e3eed492288a07de2c64fd7,0x53ede7cae3eb6a7d11429fe589c0278c9acbe21a,1427519579475308642,1548602640
1071,0x0f25c5ac5cbed4ff15aab4ca3639f87a453b9ab8,0x88207b431510dbe0addbdae3bd53013813fc8c71,3842980324074074075,1562139216
1072,0x3fdbeedcbfd67cbc00fc169fcf557f77ea4ad4ed,0xcbb5e98c1890f60114748899e8344296c5e7209a,1712758350694444444,1597242141
1072,0xcbb5e98c1890f60114748899e8344296c5e7209a,0x7a21881bb29f53970ca9cfdecd199789e23f5880,1490000000000000000,1579241567
1072,0x7a21881bb29f53970ca9cfdecd199789e23f5880,0x88207b431510dbe0addbdae3bd53013813fc8c71,1000000000000000000,1560692827
1073,0x9926661eb158540aa6725d45f7210d27b90d8f5e,0x747606ca8e94a9d4faa6b4aa3a2a062729f8f2b1,2000000000000000000,1615073451
1073,0x747606ca8e94a9d4faa6b4aa3a2a062729f8f2b1,0x3d0d7f8720a02cfc9fee5dc7dc08181303a6ed86,1075000000000000000,1607880672
1073,0x27fe170c80c41d0661ec9269be8cac913ba0a829,0xcb740bfc1e4d3cc8c5d7100ba3569f5de514b544,200000000000000000,1559946052
1073,0xa6518bee322af13ba71c471b3527416ed08ad2a4,0x88207b431510dbe0addbdae3bd53013813fc8c71,152430555555555556,1558708948
1074,0x1e3934ea7e416f4e2bc5f7d55ae9783da0061475,0x88207b431510dbe0addbdae3bd53013813fc8c71,877340277777777778,1562273782
1075,0xd581392617ebcff13f1d3e8fa9a9e26231606e0e,0x88207b431510dbe0addbdae3bd53013813fc8c71,1200000000000000000,1557767478
1076,0x3160b46499bb9deabc18f867da8d054ae563f313,0x88207b431510dbe0addbdae3bd53013813fc8c71,1787297453703703704,1560595986
1077,0xfd4ed02c65d5996649732fad9446b841a4649873,0x88207b431510dbe0addbdae3bd53013813fc8c71,20000000000000000000,1603361364
1079,0x817d7dc30e982c5f5923561092d22025a5a3dcfd,0x8a9d49a6e9d037843560091fc280b9ff9819e462,260000000000000000,1597944350
1079,0x8a9d49a6e9d037843560091fc280b9ff9819e462,0xd387a6e4e84a6c86bd90c158c6028a58cc8ac459,175000000000000000,1524492214
1080,0x2debdf4427ccbcfdbc7f29d63964499a0ec184f6,0xc13133ffa01efc7af48f5783bf15dd469de849f2,850000000000000000,1607854976
1080,0x27fe170c80c41d0661ec9269be8cac913ba0a829,0x03edb22c115dd66ee48c2d23b8ce9ad0ecc3ecbb,335844652777777777,1550775377
1080,0x8805c680b191a244fb41a8d475e6fe33031396e4,0xf152d83d69abfd485e63589caeaed1226b10843e,290000000000000000,1536765416
1080,0xf152d83d69abfd485e63589caeaed1226b10843e,0xd387a6e4e84a6c86bd90c158c6028a58cc8ac459,200000000000000000,1522504706
1081,0xdd6c7b1ce89f54abbca6d4839ff5437faec6c416,0xcc57b61f380e5b90f2118aeaf22aa444a6e34a4a,200000000000000000,1536812477
1081,0xcc57b61f380e5b90f2118aeaf22aa444a6e34a4a,0x805177ed41254fca794e341fa8856119de0737ce,160006666666666666,1524673194
1081,0x805177ed41254fca794e341fa8856119de0737ce,0xd387a6e4e84a6c86bd90c158c6028a58cc8ac459,175000000000000000,1524338871
1108,0x66b064b5fac00eeb32cd6bce64bbf5fd98581b08,0x60e395edb1c754c0841e5795c9252c906907c76c,5302266865079365079,1601170904
1108,0x60e395edb1c754c0841e5795c9252c906907c76c,0x52af787439a82f36d6ef6b0da0f0e5ecce29ff90,4000000000000000000,1581738661
1108,0x52af787439a82f36d6ef6b0da0f0e5ecce29ff90,0x7fd81a88f3915197f0d5a4d84e9448fe3327a131,1900161111111111111,1542573756
1108,0x7fd81a88f3915197f0d5a4d84e9448fe3327a131,0x377df8aef956b9e47f8acb09f6e80196f37d148d,492326967592592593,1523027946
1109,0xe91cbc483a8fda6bc377ad8b8c717f386a93d349,0x95a437e4cf18cf243a3a46d3798904b635e25d81,1350000000000000000,1613918844
1109,0x95a437e4cf18cf243a3a46d3798904b635e25d81,0xcb832de0c1f2501fbd19ee48f801d3d729fd4d04,808773919753086420,1608880318
1109,0x3d434011da236dcc7c0e89102657290c3f57081e,0x377df8aef956b9e47f8acb09f6e80196f37d148d,134492013888888889,1527734421
1112,0x3f86f18322a888d9b3adef38f127c941bccc014d,0x0f25c5ac5cbed4ff15aab4ca3639f87a453b9ab8,2000000000000000000,1554176982
1112,0x0f25c5ac5cbed4ff15aab4ca3639f87a453b9ab8,0x53ede7cae3eb6a7d11429fe589c0278c9acbe21a,1444609567901234567,1542618330
1113,0xe293390d7651234c6dfb1f41a47358b9377c004f,0xf7ee6c2f811b52c72efd167a1bb3f4adaa1e0f89,2000000000000000000,1583568415
1113,0xf7ee6c2f811b52c72efd167a1bb3f4adaa1e0f89,0x53ede7cae3eb6a7d11429fe589c0278c9acbe21a,1471325892857142857,1542551479
1117,0xf521bb7437bec77b0b15286dc3f49a87b9946773,0x88207b431510dbe0addbdae3bd53013813fc8c71,3263402777777777778,1562262272
1120,0x7405fe24003a50e4f4117d35e9b5a9f5e512fede,0x88207b431510dbe0addbdae3bd53013813fc8c71,219906828703703704,1557521031
1122,0xb32e083709588a1b3fa9c115c48051e61cbeba0a,0x3d0d7f8720a02cfc9fee5dc7dc08181303a6ed86,1150000000000000000,1610159680
1122,0x9926661eb158540aa6725d45f7210d27b90d8f5e,0x83bb781a2a2ca1fec0350f178c911848811cc440,1860457998971193415,1603705546
1122,0x83bb781a2a2ca1fec0350f178c911848811cc440,0x9e315e9701908501f6dc68a2af6e28a20c75d970,1400000000000000000,1603033514
1122,0x9e315e9701908501f6dc68a2af6e28a20c75d970,0xe37ba1117746473db68a807ae9e37a2088bdb20f,100000000000000000,1552163899
1126,0xe293390d7651234c6dfb1f41a47358b9377c004f,0x45969056002faf220e505bcd39fee1d1a7c8ab15,1250000000000000000,1537386099
1128,0x13816f65ba8195768e6825eb774fd3c6a05a0ac8,0x7a21881bb29f53970ca9cfdecd199789e23f5880,5000000000000000000,1602353364
1128,0x7a21881bb29f53970ca9cfdecd199789e23f5880,0x88207b431510dbe0addbdae3bd53013813fc8c71,1000000000000000000,1560749234
1129,0x65b435425e7928c594997f38681b542234be91d3,0xcc57b61f380e5b90f2118aeaf22aa444a6e34a4a,190000000000000000,1568285842
1129,0xcc57b61f380e5b90f2118aeaf22aa444a6e34a4a,0x88207b431510dbe0addbdae3bd53013813fc8c71,160184027777777778,1558706842
1131,0x9824d239f4695c070127d5526fee0eb475f68686,0xcf0e9b4746cfb97bae329fe5f696969f6564566a,230000000000000000,1589591121
1131,0xcf0e9b4746cfb97bae329fe5f696969f6564566a,0xcc57b61f380e5b90f2118aeaf22aa444a6e34a4a,190000000000000000,1574625053
1131,0xcc57b61f380e5b90f2118aeaf22aa444a6e34a4a,0x88207b431510dbe0addbdae3bd53013813fc8c71,160086805555555556,1557092575
1132,0xee8eeec3e7a5ad82827480a9e00d01b1ec0a9f3b,0xcc57b61f380e5b90f2118aeaf22aa444a6e34a4a,190000000000000000,1573199207
1132,0xcc57b61f380e5b90f2118aeaf22aa444a6e34a4a,0x88207b431510dbe0addbdae3bd53013813fc8c71,189666666666666667,1556402386
1133,0x9926661eb158540aa6725d45f7210d27b90d8f5e,0x078b611bf67798456f5a0eafb0e23c567f66facc,2450000000000000000,1602282271
1133,0x7405fe24003a50e4f4117d35e9b5a9f5e512fede,0x88207b431510dbe0addbdae3bd53013813fc8c71,166629050925925926,1557533766
1134,0x9792431b26026cc67117ff610ae4eb34cacd0755,0x88207b431510dbe0addbdae3bd53013813fc8c71,1200000000000000000,1557774447
1135,0x66b13b0fa0df65528fcce3438aa9de8d33ec8092,0x75b3941991d40a5ed573abd8eed3b486ad32296d,1000000000000000000,1614428392
1135,0x312d14b6df3b25670a9fcf5e6424a547dd6ae985,0x1e3934ea7e416f4e2bc5f7d55ae9783da0061475,300000000000000000,1568877778
1135,0x1e3934ea7e416f4e2bc5f7d55ae9783da0061475,0x88207b431510dbe0addbdae3bd53013813fc8c71,150000000000000000,1558903543
1136,0x1b959d1e0bcf05c31ad4b2a243293e38369ae3f8,0x3d0d7f8720a02cfc9fee5dc7dc08181303a6ed86,1500000000000000000,1606347282
1136,0x9926661eb158540aa6725d45f7210d27b90d8f5e,0x3f86f18322a888d9b3adef38f127c941bccc014d,2000000000000000000,1602116125
1136,0x3f86f18322a888d9b3adef38f127c941bccc014d,0x53ede7cae3eb6a7d11429fe589c0278c9acbe21a,250000000000000000,1557121111
1137,0xbf5c6d85510e491cd45d1264fffec0c2c4282564,0x53ede7cae3eb6a7d11429fe589c0278c9acbe21a,250000000000000000,1576356987
1138,0x587811fc49d14f9b625e4c068bb94717ea8e1436,0x53ede7cae3eb6a7d11429fe589c0278c9acbe21a,300000000000000000,1556487193
1139,0xf521bb7437bec77b0b15286dc3f49a87b9946773,0x665498c14f80647d2a57a1f54eee4aaa9920fae8,1000000000000000000,1602008513
1139,0x665498c14f80647d2a57a1f54eee4aaa9920fae8,0x88207b431510dbe0addbdae3bd53013813fc8c71,200000000000000000,1555659728
1140,0xfaf95953a36ed1e8f8426ab5b7eb53da246e3476,0x42a60d2f2ffa2150c568010a8d425f0aad284fd2,850000000000000000,1602046034
1140,0x42a60d2f2ffa2150c568010a8d425f0aad284fd2,0x0ed70f92b87ceced51a9e472fcd8d93a54a11835,75000000000000000,1577923453
1140,0x0ed70f92b87ceced51a9e472fcd8d93a54a11835,0x0f25c5ac5cbed4ff15aab4ca3639f87a453b9ab8,130000000000000000,1570386311
1140,0x0f25c5ac5cbed4ff15aab4ca3639f87a453b9ab8,0x53ede7cae3eb6a7d11429fe589c0278c9acbe21a,285000000000000000,1551689584
1141,0x1e3934ea7e416f4e2bc5f7d55ae9783da0061475,0xcc57b61f380e5b90f2118aeaf22aa444a6e34a4a,1450000000000000000,1544126453
1143,0x51787a2c56d710c68140bdadefd3a98bff96feb4,0x665498c14f80647d2a57a1f54eee4aaa9920fae8,2500000000000000000,1553573213
1143,0x665498c14f80647d2a57a1f54eee4aaa9920fae8,0x7fd81a88f3915197f0d5a4d84e9448fe3327a131,775000000000000000,1544204899
1144,0x5d264e24cbade84e149aa87e3338cfd9720cbb0b,0x0f25c5ac5cbed4ff15aab4ca3639f87a453b9ab8,4000000000000000000,1560213624
1144,0x0f25c5ac5cbed4ff15aab4ca3639f87a453b9ab8,0x53ede7cae3eb6a7d11429fe589c0278c9acbe21a,3000000000000000000,1551690956
1145,0x364d88187b3088e8f339d93cbabe9ed0f43a9663,0x3d0d7f8720a02cfc9fee5dc7dc08181303a6ed86,1201640895061728395,1603357949
1145,0xf521bb7437bec77b0b15286dc3f49a87b9946773,0xa374a95b8246cc6d9c5bb660a913571be8c2d8aa,2019837962962962962,1602148669
1145,0xa374a95b8246cc6d9c5bb660a913571be8c2d8aa,0x53ede7cae3eb6a7d11429fe589c0278c9acbe21a,285000000000000000,1551791091
1146,0x18ad111b2584b55093b5b4cbce9374c3a0e8cfed,0x88207b431510dbe0addbdae3bd53013813fc8c71,1055034722222222223,1558994843
1147,0x167539702b5501aadd9b0b85e53532fd57cc71a9,0xd04e6d91fe099d9f941eab7a7711f7ed1f2b1903,510000000000000000,1601051940
1147,0xd04e6d91fe099d9f941eab7a7711f7ed1f2b1903,0xcf0e9b4746cfb97bae329fe5f696969f6564566a,385414408116319445,1599107680
1147,0xcf0e9b4746cfb97bae329fe5f696969f6564566a,0xcc57b61f380e5b90f2118aeaf22aa444a6e34a4a,190000000000000000,1574625093
1147,0xcc57b61f380e5b90f2118aeaf22aa444a6e34a4a,0x88207b431510dbe0addbdae3bd53013813fc8c71,189078703703703704,1556402325
1148,0x9926661eb158540aa6725d45f7210d27b90d8f5e,0xc5826173d2455463d0d8a44238570dfea3375f7f,2883645777777777777,1602291977
1148,0xc5826173d2455463d0d8a44238570dfea3375f7f,0x0f25c5ac5cbed4ff15aab4ca3639f87a453b9ab8,120000000000000000,1572883550
1148,0x0f25c5ac5cbed4ff15aab4ca3639f87a453b9ab8,0x53ede7cae3eb6a7d11429fe589c0278c9acbe21a,285000000000000000,1551689614
1149,0x86bc8c47a026c64c9861158067dda842edac8490,0x5b50fb8281cb679a3102d3de22dd05a1ad895e8f,1900000000000000000,1615390807
1149,0x69b4f1d198783baca5da8bb69f4447514ffa26df,0x0f25c5ac5cbed4ff15aab4ca3639f87a453b9ab8,250000000000000000,1579242069
1149,0x0f25c5ac5cbed4ff15aab4ca3639f87a453b9ab8,0x53ede7cae3eb6a7d11429fe589c0278c9acbe21a,275000000000000000,1551617004
1150,0x045552f62e40ea814e674613b96e3dd90b828422,0x0f25c5ac5cbed4ff15aab4ca3639f87a453b9ab8,650000000000000000,1588401230
1150,0x0f25c5ac5cbed4ff15aab4ca3639f87a453b9ab8,0xe37ba1117746473db68a807ae9e37a2088bdb20f,486481481481481482,1553106353
1151,0xcfb586d08633fc36953be8083b63a7d96d50265b,0xcb740bfc1e4d3cc8c5d7100ba3569f5de514b544,850000000000000000,1561562325
1151,0xa6518bee322af13ba71c471b3527416ed08ad2a4,0x88207b431510dbe0addbdae3bd53013813fc8c71,1000000000000000000,1559386306
1152,0x665498c14f80647d2a57a1f54eee4aaa9920fae8,0x88207b431510dbe0addbdae3bd53013813fc8c71,258697916666666667,1557521413
1153,0x694595ff7eca7e0b30fc3e71d690e0ca3aa66b04,0x0f25c5ac5cbed4ff15aab4ca3639f87a453b9ab8,250000000000000000,1579339555
1153,0x0f25c5ac5cbed4ff15aab4ca3639f87a453b9ab8,0x53ede7cae3eb6a7d11429fe589c0278c9acbe21a,275000000000000000,1551617060
1154,0x19ac63521615455415a716f5dcbb49d065ae8092,0x5db3c9ee7be7baa2c5c82c287ead9d0d8645eebc,180000000000000000,1584188247
1154,0x3f86f18322a888d9b3adef38f127c941bccc014d,0x53ede7cae3eb6a7d11429fe589c0278c9acbe21a,250000000000000000,1557121012
1155,0x9aca21d4c170c80610593640ca3f1afd23a19562,0x713e4436be4557c874a676b8e99a89ba65e8fbf5,3512489004629629629,1601720928
1155,0x713e4436be4557c874a676b8e99a89ba65e8fbf5,0x60e395edb1c754c0841e5795c9252c906907c76c,1500000000000000000,1594119938
1155,0x60e395edb1c754c0841e5795c9252c906907c76c,0xaee656d72c39b29042ba014db077a0eb1fbbd288,1500000000000000000,1579430751
1155,0x3f86f18322a888d9b3adef38f127c941bccc014d,0x88207b431510dbe0addbdae3bd53013813fc8c71,1000000000000000000,1555393235
1156,0x0fc079e62cfa79a23c484bd04211e1294056896c,0x7fd81a88f3915197f0d5a4d84e9448fe3327a131,600000000000000000,1544309599
1157,0xad04ae698d68403fac361ace2a85e9073f243024,0x88207b431510dbe0addbdae3bd53013813fc8c71,1200000000000000000,1557681692
1158,0x05b89c97b4d0f90490bae30c1d0657bd69e7201a,0xf29dbc79ae222677f8a91dbe55cf052e61c206fd,2136440740740740740,1615220761
1158,0xf29dbc79ae222677f8a91dbe55cf052e61c206fd,0x3d0d7f8720a02cfc9fee5dc7dc08181303a6ed86,2000000000000000000,1614916082
1158,0xa14bab679b9dfc3fed15e2e53b38dc836dd3112a,0x7fd81a88f3915197f0d5a4d84e9448fe3327a131,250000000000000000,1577355349
1160,0x23cf923e6587977ddaf1c9b61f032fb91b3c4262,0x5ce9ad759e41bf1b3dfc1a41db940a90d7a43460,6090069444444444445,1607378777
1160,0x5ce9ad759e41bf1b3dfc1a41db940a90d7a43460,0x4f0a954de3430c5486d601813bdb5efcf598bfdd,2790000000000000000,1601029804
1160,0x4f0a954de3430c5486d601813bdb5efcf598bfdd,0x88207b431510dbe0addbdae3bd53013813fc8c71,1500000000000000000,1556811544
1161,0x65b435425e7928c594997f38681b542234be91d3,0xcc57b61f380e5b90f2118aeaf22aa444a6e34a4a,190000000000000000,1568271413
1161,0xcc57b61f380e5b90f2118aeaf22aa444a6e34a4a,0x88207b431510dbe0addbdae3bd53013813fc8c71,189166666666666667,1556402253
1162,0xcfb586d08633fc36953be8083b63a7d96d50265b,0x0f25c5ac5cbed4ff15aab4ca3639f87a453b9ab8,1000000000000000000,1565487895
1162,0x0f25c5ac5cbed4ff15aab4ca3639f87a453b9ab8,0x53ede7cae3eb6a7d11429fe589c0278c9acbe21a,1432718500000000000,1542618497
1163,0xba11610e28406a4cd34d9e993edd9e7f2ea90d53,0x51787a2c56d710c68140bdadefd3a98bff96feb4,3400000000000000000,1615267578
1163,0x51787a2c56d710c68140bdadefd3a98bff96feb4,0x7fd81a88f3915197f0d5a4d84e9448fe3327a131,950000000000000000,1553574640
1164,0x9926661eb158540aa6725d45f7210d27b90d8f5e,0xcb832de0c1f2501fbd19ee48f801d3d729fd4d04,1400000000000000000,1614213613
1164,0xcb832de0c1f2501fbd19ee48f801d3d729fd4d04,0xa6518bee322af13ba71c471b3527416ed08ad2a4,500000000000000000,1601071795
1164,0xa6518bee322af13ba71c471b3527416ed08ad2a4,0xcc57b61f380e5b90f2118aeaf22aa444a6e34a4a,300000000000000000,1577211724
1165,0x65018d3cfc95981bf2c104a7c0a786009ba45e13,0x3d0d7f8720a02cfc9fee5dc7dc08181303a6ed86,1361573225308641975,1604682982
1165,0xbace1e5f9cb38f56fa8b096e3fe940d9c34d189d,0xa4e7918fb5f4a8c12f9513b193be1d764d5757dc,1800155555555555555,1602085944
1165,0xa4e7918fb5f4a8c12f9513b193be1d764d5757dc,0x88207b431510dbe0addbdae3bd53013813fc8c71,185358796296296297,1555517567
1166,0x42a60d2f2ffa2150c568010a8d425f0aad284fd2,0x53ede7cae3eb6a7d11429fe589c0278c9acbe21a,324811018518518519,1549606099
1167,0x06c71dc79d7e7c47792dad78c525d9b270520b29,0x2a422e9ccb679de6810f6aef3b644b8706186390,750000000000000000,1562244486
1167,0x2a422e9ccb679de6810f6aef3b644b8706186390,0x53ede7cae3eb6a7d11429fe589c0278c9acbe21a,1519322222222222222,1542766219
1169,0xd92de6e84ca5be801feb311084e1092aeb233e00,0x53ede7cae3eb6a7d11429fe589c0278c9acbe21a,275000000000000000,1552264332
1170,0xae89ad222e67205e8d947f131fdc9fa139828745,0x53ede7cae3eb6a7d11429fe589c0278c9acbe21a,331624961419753087,1549491898
1171,0xad04ae698d68403fac361ace2a85e9073f243024,0x53ede7cae3eb6a7d11429fe589c0278c9acbe21a,362654320987654321,1548687572
1172,0x1ecde92e6437babe983b272caf9fdc32285c4f68,0xcc57b61f380e5b90f2118aeaf22aa444a6e34a4a,2000000000000000000,1596050268
1172,0xcc57b61f380e5b90f2118aeaf22aa444a6e34a4a,0x115b72c42fa4d48777a26f612a26bdecf3d40b2d,1755470679012345680,1587629571
1172,0x2a422e9ccb679de6810f6aef3b644b8706186390,0x53ede7cae3eb6a7d11429fe589c0278c9acbe21a,1561914660493827160,1541670635
1173,0x8a9d49a6e9d037843560091fc280b9ff9819e462,0xf7ee6c2f811b52c72efd167a1bb3f4adaa1e0f89,4129774305555555556,1556634940
1173,0xf7ee6c2f811b52c72efd167a1bb3f4adaa1e0f89,0x53ede7cae3eb6a7d11429fe589c0278c9acbe21a,4250000000000000000,1540907874
1174,0xf521bb7437bec77b0b15286dc3f49a87b9946773,0x3f86f18322a888d9b3adef38f127c941bccc014d,20000000000000000000,1603376033
1175,0xcc57b61f380e5b90f2118aeaf22aa444a6e34a4a,0x88207b431510dbe0addbdae3bd53013813fc8c71,179393518518518519,1555348119
1176,0x25f42de288667efe69fe87b459152f52d52f10b4,0x9cf51adb0bc00b7daca34f59231ece1f7be39e7c,1313840277777777777,1604407727
1176,0x9cf51adb0bc00b7daca34f59231ece1f7be39e7c,0xa374a95b8246cc6d9c5bb660a913571be8c2d8aa,485000000000000000,1599307318
1177,0xa446ef656c7124daa5c8c4d8ee9707af248a8ede,0x19a3f8ecac56a0604892bd6ba703c70e93c60d19,4425457175925925926,1611405720
1178,0x75f732c1b1d0bbda60f4b49ef0b36eb6e8ad6531,0x0690a931e96b3b6769dd2672412168f576698ab8,459457986111111112,1523023075
1179,0x75f732c1b1d0bbda60f4b49ef0b36eb6e8ad6531,0x0690a931e96b3b6769dd2672412168f576698ab8,459404629629629630,1523023379
1180,0x665498c14f80647d2a57a1f54eee4aaa9920fae8,0x0690a931e96b3b6769dd2672412168f576698ab8,543004976851851852,1524205783
1181,0xef9c302572b481e1cfe6bf66936125784b59a516,0x53ede7cae3eb6a7d11429fe589c0278c9acbe21a,300000000000000000,1578681077
1182,0xf853184415ac2312844e77cc7babda372e8f56af,0x2630b80f4fd862aca4010fbfefa2081fc631d20c,2400000000000000000,1599411727
1182,0x7405fe24003a50e4f4117d35e9b5a9f5e512fede,0x53ede7cae3eb6a7d11429fe589c0278c9acbe21a,1250000000000000000,1548331090
1183,0xf8454a749418e5e8c6a116900b10c4b7c2573349,0xcc57b61f380e5b90f2118aeaf22aa444a6e34a4a,2500000000000000000,1600814696
1183,0xcc57b61f380e5b90f2118aeaf22aa444a6e34a4a,0x2a422e9ccb679de6810f6aef3b644b8706186390,1000000000000000000,1562694409
1183,0x2a422e9ccb679de6810f6aef3b644b8706186390,0x53ede7cae3eb6a7d11429fe589c0278c9acbe21a,1635812885802469135,1542759559
1184,0xd92de6e84ca5be801feb311084e1092aeb233e00,0x53ede7cae3eb6a7d11429fe589c0278c9acbe21a,265000000000000000,1552195339
1185,0xbfe8d5abf248081fe03236e31efdfdfe1562f9a2,0x42a60d2f2ffa2150c568010a8d425f0aad284fd2,2086896701388888889,1602116966
1185,0x42a60d2f2ffa2150c568010a8d425f0aad284fd2,0x88207b431510dbe0addbdae3bd53013813fc8c71,208023437500000000,1555353401
1186,0x2d90331b87246af3a99dfe2672ebd114d887be71,0x7fd81a88f3915197f0d5a4d84e9448fe3327a131,350000000000000000,1551561478
1187,0xd92de6e84ca5be801feb311084e1092aeb233e00,0x53ede7cae3eb6a7d11429fe589c0278c9acbe21a,250000000000000000,1552195376
1188,0x015a67cd41372a4401642143d5aa20d8af34b3f6,0xcf0e9b4746cfb97bae329fe5f696969f6564566a,870502671875000000,1601585208
1188,0xcf0e9b4746cfb97bae329fe5f696969f6564566a,0x7dbda94154c64a6bcb792e4ae231a72aa164e0c1,338887916666666666,1600036267
1188,0x7dbda94154c64a6bcb792e4ae231a72aa164e0c1,0x3f86f18322a888d9b3adef38f127c941bccc014d,400000000000000000,1598622493
1188,0x3f86f18322a888d9b3adef38f127c941bccc014d,0xa4e7918fb5f4a8c12f9513b193be1d764d5757dc,130000000000000000,1570292134
1188,0xa4e7918fb5f4a8c12f9513b193be1d764d5757dc,0x88207b431510dbe0addbdae3bd53013813fc8c71,208064814814814815,1556460382
1189,0xe967b2771941283e2926a949aeec9e195b0fe14f,0x88207b431510dbe0addbdae3bd53013813fc8c71,215673611111111112,1556456946
1190,0x665498c14f80647d2a57a1f54eee4aaa9920fae8,0x88207b431510dbe0addbdae3bd53013813fc8c71,217938078703703704,1557521524
1191,0xcc57b61f380e5b90f2118aeaf22aa444a6e34a4a,0x88207b431510dbe0addbdae3bd53013813fc8c71,179143518518518519,1555348021
1192,0xcc57b61f380e5b90f2118aeaf22aa444a6e34a4a,0x88207b431510dbe0addbdae3bd53013813fc8c71,159998263888888889,1555347665
1193,0x6b357e2cbae33cfb53ae9c136829d98def4a9561,0xf8cd644baf494d13406187cf8628754dca0a10c2,4500000000000000000,1600994130
1193,0xcc57b61f380e5b90f2118aeaf22aa444a6e34a4a,0x88207b431510dbe0addbdae3bd53013813fc8c71,1740347222222222223,1555350339
1194,0x42d97b2d395c6ab73c43c37e9d9789261dce0b8f,0x664fe01207dc37c84a97a8dcdc28bcc1da6bee57,1000000000000000000,1613552256
1194,0xee8eeec3e7a5ad82827480a9e00d01b1ec0a9f3b,0xcb5c0d33d92e4910daa24825db8af9b64e17c33c,175000000000000000,1573196142
1194,0x3f86f18322a888d9b3adef38f127c941bccc014d,0x88207b431510dbe0addbdae3bd53013813fc8c71,200000000000000000,1555670947
1195,0xfbdbcf1ebe27245e3488541f19cac902e53239a4,0xe37ba1117746473db68a807ae9e37a2088bdb20f,857423611111111112,1552263190
1196,0x6dd9edb70ed2684d9fd6e5fe492b0143a18ac71a,0x66b13b0fa0df65528fcce3438aa9de8d33ec8092,1550000000000000000,1617675332
1196,0xb27fda7fbc5b42e5e5e0bc6be75b27a0f3fbf2fd,0x713e4436be4557c874a676b8e99a89ba65e8fbf5,500000000000000000,1601332347
1196,0x713e4436be4557c874a676b8e99a89ba65e8fbf5,0x685a8de16b2dcbc4ae0329cd80ccd8648b37d9fc,150000000000000000,1594132161
1196,0x685a8de16b2dcbc4ae0329cd80ccd8648b37d9fc,0xa4e7918fb5f4a8c12f9513b193be1d764d5757dc,185000000000000000,1589576527
1196,0xa4e7918fb5f4a8c12f9513b193be1d764d5757dc,0x88207b431510dbe0addbdae3bd53013813fc8c71,180252314814814815,1558701943
1197,0xfc92f989d0882acdb4c9f263d6283064be2fcf50,0x88207b431510dbe0addbdae3bd53013813fc8c71,1500000000000000000,1556524742
1198,0xcc57b61f380e5b90f2118aeaf22aa444a6e34a4a,0x88207b431510dbe0addbdae3bd53013813fc8c71,1202152777777777778,1555545119
1199,0x9469c98be5afd94cd601e094bc401ddd37f480a3,0x6519e6117480d140cd7d33163ac30fd01812f34a,1390000000000000000,1613920479
1199,0xf521bb7437bec77b0b15286dc3f49a87b9946773,0x9be69b7e1868a7a3593a38772036d657211b2c2d,1500000000000000000,1602082302
1199,0x9be69b7e1868a7a3593a38772036d657211b2c2d,0x88207b431510dbe0addbdae3bd53013813fc8c71,200951388888888889,1558809831
1200,0x665498c14f80647d2a57a1f54eee4aaa9920fae8,0xcbb5e98c1890f60114748899e8344296c5e7209a,4500000000000000000,1578289209
1200,0x18ad111b2584b55093b5b4cbce9374c3a0e8cfed,0xcb832de0c1f2501fbd19ee48f801d3d729fd4d04,1991469907407407408,1560699065
1201,0x5ea1d56d0dde1ca5b50c277275855f69edefa169,0x88207b431510dbe0addbdae3bd53013813fc8c71,1111909722222222223,1558994493
1202,0x65b435425e7928c594997f38681b542234be91d3,0xcc57b61f380e5b90f2118aeaf22aa444a6e34a4a,190000000000000000,1568271413
1202,0xcc57b61f380e5b90f2118aeaf22aa444a6e34a4a,0x88207b431510dbe0addbdae3bd53013813fc8c71,189402777777777778,1556402371
1203,0xf521bb7437bec77b0b15286dc3f49a87b9946773,0x665498c14f80647d2a57a1f54eee4aaa9920fae8,1000000000000000000,1602008373
1203,0x665498c14f80647d2a57a1f54eee4aaa9920fae8,0x88207b431510dbe0addbdae3bd53013813fc8c71,297224537037037038,1555468599
1204,0xf521bb7437bec77b0b15286dc3f49a87b9946773,0xcb832de0c1f2501fbd19ee48f801d3d729fd4d04,1747334722222222223,1602082686
1204,0xcb832de0c1f2501fbd19ee48f801d3d729fd4d04,0x88207b431510dbe0addbdae3bd53013813fc8c71,204949074074074075,1555508417
1205,0xc9ab5825ceacc38a014ecc349bd3fb8572de81d4,0xa4e7918fb5f4a8c12f9513b193be1d764d5757dc,1821762152777777777,1618076897
1205,0xa4e7918fb5f4a8c12f9513b193be1d764d5757dc,0xcb832de0c1f2501fbd19ee48f801d3d729fd4d04,1400000000000000000,1614192313
1205,0xcb832de0c1f2501fbd19ee48f801d3d729fd4d04,0xcc57b61f380e5b90f2118aeaf22aa444a6e34a4a,500000000000000000,1577659946
1205,0xcc57b61f380e5b90f2118aeaf22aa444a6e34a4a,0x88207b431510dbe0addbdae3bd53013813fc8c71,179594907407407408,1555348174
1206,0x1a7a8a564c2133caf4e3f9fcc27f956f9fba6653,0xe37ba1117746473db68a807ae9e37a2088bdb20f,126104166666666667,1553261671
1207,0xcb4f31f170066e4d8ce9a827acddf7c36136832b,0x7a21881bb29f53970ca9cfdecd199789e23f5880,1800000000000000000,1595356064
1207,0x7a21881bb29f53970ca9cfdecd199789e23f5880,0x88207b431510dbe0addbdae3bd53013813fc8c71,1000000000000000000,1560692827
1208,0x08797952462b82db639ddbfdef2ab1718ffa7676,0x88207b431510dbe0addbdae3bd53013813fc8c71,6815451388888888889,1557553295
1210,0xa6bcec585f12cefba9709a080ce2efd38f871024,0x2377ca571941773ba28c5ee9e697c0928ebb1ce8,159763888888888889,1529308389
1212,0x63a9dbce75413036b2b778e670aabd4493aaf9f3,0x2377ca571941773ba28c5ee9e697c0928ebb1ce8,200000000000000000,1525553832
1213,0xcc57b61f380e5b90f2118aeaf22aa444a6e34a4a,0x88207b431510dbe0addbdae3bd53013813fc8c71,179120370370370371,1555347949
1215,0xcc57b61f380e5b90f2118aeaf22aa444a6e34a4a,0x88207b431510dbe0addbdae3bd53013813fc8c71,178578703703703704,1555347925
1217,0xaabf19c0e9c69d893d9edd700ac6fa5d50a91e5d,0x2377ca571941773ba28c5ee9e697c0928ebb1ce8,200000000000000000,1524417680
1225,0xcc57b61f380e5b90f2118aeaf22aa444a6e34a4a,0x88207b431510dbe0addbdae3bd53013813fc8c71,178442129629629630,1555347819
1226,0x45969056002faf220e505bcd39fee1d1a7c8ab15,0x2377ca571941773ba28c5ee9e697c0928ebb1ce8,13000000000000000000,1536771926
1230,0x3851d98342d66b84112c33c004f0f6befa39378b,0x02c85680a4f9c5f5318adc782ad65dfabcab592b,178000000000000000,1534196596
1230,0x02c85680a4f9c5f5318adc782ad65dfabcab592b,0x3d434011da236dcc7c0e89102657290c3f57081e,150000000000000000,1532690767
1230,0x3d434011da236dcc7c0e89102657290c3f57081e,0x2377ca571941773ba28c5ee9e697c0928ebb1ce8,141700694444444445,1529078831
1247,0x5763542e5de5f524037b6c90623d00e0d6099bde,0x2d90331b87246af3a99dfe2672ebd114d887be71,2000000000000000000,1602103563
1247,0x2d90331b87246af3a99dfe2672ebd114d887be71,0x7fd81a88f3915197f0d5a4d84e9448fe3327a131,350000000000000000,1551562211
1248,0xab9a8aecc11f44d10acdd9eb45d945d3e24be142,0x53ede7cae3eb6a7d11429fe589c0278c9acbe21a,500000000000000000,1584935395
1250,0x0f25c5ac5cbed4ff15aab4ca3639f87a453b9ab8,0x2630b80f4fd862aca4010fbfefa2081fc631d20c,2600000000000000000,1602290609
1250,0x7405fe24003a50e4f4117d35e9b5a9f5e512fede,0x53ede7cae3eb6a7d11429fe589c0278c9acbe21a,266937974537037038,1550025272
1251,0x1187a364dcb403897574ac135ea39549dacd8f0f,0x53ede7cae3eb6a7d11429fe589c0278c9acbe21a,250000000000000000,1551500975
1252,0xe8130f62f1212ac1dd1274474e6eb3d3bfb59745,0x7fd81a88f3915197f0d5a4d84e9448fe3327a131,273000000000000000,1555996557
1253,0x9926661eb158540aa6725d45f7210d27b90d8f5e,0xbc7de2b767fa97ea9d5ebc05a8d0c8557dcabd7b,2749525793650793650,1602285353
1253,0xbc7de2b767fa97ea9d5ebc05a8d0c8557dcabd7b,0x53ede7cae3eb6a7d11429fe589c0278c9acbe21a,403374247685185186,1549392839
1254,0x42a60d2f2ffa2150c568010a8d425f0aad284fd2,0x2630b80f4fd862aca4010fbfefa2081fc631d20c,9000000000000000000,1602013115
1255,0x574319e245428c9f064006e49ad5f83947f763ec,0x53ede7cae3eb6a7d11429fe589c0278c9acbe21a,349747762345679013,1548373963
1256,0xd581392617ebcff13f1d3e8fa9a9e26231606e0e,0x53ede7cae3eb6a7d11429fe589c0278c9acbe21a,250000000000000000,1557692078
1257,0x2d90331b87246af3a99dfe2672ebd114d887be71,0x53ede7cae3eb6a7d11429fe589c0278c9acbe21a,345721064814814815,1548479220
1258,0x42a60d2f2ffa2150c568010a8d425f0aad284fd2,0x8a9d49a6e9d037843560091fc280b9ff9819e462,7400000000000000000,1602117141
1258,0x8a9d49a6e9d037843560091fc280b9ff9819e462,0x53ede7cae3eb6a7d11429fe589c0278c9acbe21a,1621333319444444444,1542771088
1259,0x8a9d49a6e9d037843560091fc280b9ff9819e462,0x4ce15b37851a4448a28899062906a02e51dee267,3500000000000000000,1543980607
1260,0x4ce15b37851a4448a28899062906a02e51dee267,0x53ede7cae3eb6a7d11429fe589c0278c9acbe21a,300000000000000000,1527301582
1261,0x1f36fe3742bf1146b319b9b3fa67f4dd2cf3512e,0x115b72c42fa4d48777a26f612a26bdecf3d40b2d,4750000000000000000,1608235985
1261,0x2a422e9ccb679de6810f6aef3b644b8706186390,0x53ede7cae3eb6a7d11429fe589c0278c9acbe21a,1492678703703703703,1542725817
1262,0xf521bb7437bec77b0b15286dc3f49a87b9946773,0xa374a95b8246cc6d9c5bb660a913571be8c2d8aa,1300000000000000000,1602081859
1263,0x730952cc677b1f432893d53cbf528baccbbf2441,0x53ede7cae3eb6a7d11429fe589c0278c9acbe21a,1551240046296296296,1542546858
1264,0x578761f0a290ee9746a49276c3ceff79bc51b333,0x4dc8637613a76284a150f44455cd011e371f2e34,860000000000000000,1608382516
1264,0x6cdd4bbff1a666bc9f0c44cd8bba51f48f38b8de,0x6a00ef8a35bce729b40887e2aabec3bccae16e83,400000000000000000,1598157194
1264,0x6a00ef8a35bce729b40887e2aabec3bccae16e83,0x53ede7cae3eb6a7d11429fe589c0278c9acbe21a,300000000000000000,1551566506
1265,0xe293390d7651234c6dfb1f41a47358b9377c004f,0x377df8aef956b9e47f8acb09f6e80196f37d148d,349194598765432099,1522764535
1265,0x4ce15b37851a4448a28899062906a02e51dee267,0x377df8aef956b9e47f8acb09f6e80196f37d148d,139902083333333334,1522758913
1268,0xe38171c839d3ff70147829d843ee8f9794bc2299,0x3f86f18322a888d9b3adef38f127c941bccc014d,25000000000000000000,1617263800
1269,0x309a24a91eceed5383e407c07476205e493ee7f3,0x2630b80f4fd862aca4010fbfefa2081fc631d20c,600000000000000000,1552313602
1269,0xa6518bee322af13ba71c471b3527416ed08ad2a4,0xa6bcec585f12cefba9709a080ce2efd38f871024,350000000000000000,1539096324
1272,0x665498c14f80647d2a57a1f54eee4aaa9920fae8,0x73601fd195e1c6407e21845ed40b0c9d61c37ab1,300000000000000000,1527749842
1273,0x8e10e713076587ac1eaccbe7470e4d00e920c2c8,0x7c22564ed22d398192bf38008228d64eb72765db,165100694444444445,1537900043
1273,0x29ecaa773f052d14ec5258b352ee7304f57aabc3,0x5c035bb4cb7dacbfee076a5e61aa39a10da2e956,150000000000000000,1522701192
1277,0x84957e6c9f6ccfed9c35c850c3903732ed90858a,0xf29dbc79ae222677f8a91dbe55cf052e61c206fd,2090601273148148148,1615446639
1277,0xf29dbc79ae222677f8a91dbe55cf052e61c206fd,0x40d7c5fbc89c0ca3880d79e38e5099d786f4ab65,1407997685185185186,1614542861
1284,0x5d6130cdd65865ec54a9024b6daae0b5d5596048,0xcb832de0c1f2501fbd19ee48f801d3d729fd4d04,5233142361111111112,1605099278
1284,0xcb832de0c1f2501fbd19ee48f801d3d729fd4d04,0x570103a510fea0625d480387ca09a645b2ee8493,5200000000000000000,1602291786
1288,0x714797892e366d4860ae56d5d1731656f08dd71c,0x3945476e477de76d53b4833a46c806ef3d72b21e,9000000000000000000,1614798954
1289,0x90523f172546183763af79da7f14509ee713b627,0x9cb8c1463471ee4d8dd6887035f4835a1745e92a,18000000000000000000,1614899819
1289,0x9cb8c1463471ee4d8dd6887035f4835a1745e92a,0xd9c819752def1c636e894be3ff9a18e6de09c7f8,8894728009259259260,1605962343
1289,0xd9c819752def1c636e894be3ff9a18e6de09c7f8,0x6b357e2cbae33cfb53ae9c136829d98def4a9561,25782979166666666666,1602595342
1297,0xe293390d7651234c6dfb1f41a47358b9377c004f,0xdc59bdbf8a404a6663505cad3d40890f8aade79f,1003315972222222222,1546973350
1301,0x21099184e7b0be245e3eed492288a07de2c64fd7,0xcb5c0d33d92e4910daa24825db8af9b64e17c33c,1501145601851851851,1553697215
1301,0xcb5c0d33d92e4910daa24825db8af9b64e17c33c,0xc75efe55705770db12724dea5c901301789ddb45,1200000000000000000,1551552978
1310,0xe293390d7651234c6dfb1f41a47358b9377c004f,0x3945476e477de76d53b4833a46c806ef3d72b21e,4000000000000000000,1575988770
1313,0x68fcc6d9515dc3bc65da388e30e85d3ef4b40801,0x73ce2bdd91380bf6e31edfa9dd7e34a01fe57e66,1550000000000000000,1613642903
1313,0x73ce2bdd91380bf6e31edfa9dd7e34a01fe57e66,0x721931508df2764fd4f70c53da646cb8aed16ace,1000000000000000000,1601259801
1314,0xf8cd644baf494d13406187cf8628754dca0a10c2,0xc75efe55705770db12724dea5c901301789ddb45,2000000000000000000,1560865562
1315,0x51787a2c56d710c68140bdadefd3a98bff96feb4,0x721931508df2764fd4f70c53da646cb8aed16ace,2000000000000000000,1553574752
1316,0xe91cbc483a8fda6bc377ad8b8c717f386a93d349,0xf906a5e342bf46ecc8ac38b4d9c11c07715a0638,1210000000000000000,1613918795
1316,0xf906a5e342bf46ecc8ac38b4d9c11c07715a0638,0xa6518bee322af13ba71c471b3527416ed08ad2a4,125000000000000000,1590615800
1316,0x0f25c5ac5cbed4ff15aab4ca3639f87a453b9ab8,0x0fc079e62cfa79a23c484bd04211e1294056896c,200000000000000000,1543295625
1316,0x0fc079e62cfa79a23c484bd04211e1294056896c,0x7c22564ed22d398192bf38008228d64eb72765db,200000000000000000,1537267486
1321,0x51787a2c56d710c68140bdadefd3a98bff96feb4,0x6b357e2cbae33cfb53ae9c136829d98def4a9561,4000000000000000000,1551740701
1323,0x2e218a9dbc931a9de514f52ea9c941d1170555ff,0x9b2d65c2c76a540de20bc2fba02f889e17ac346e,2000000000000000000,1583549876
1323,0x9b2d65c2c76a540de20bc2fba02f889e17ac346e,0xc75efe55705770db12724dea5c901301789ddb45,1000000000000000000,1563587337
1330,0x0ae4b0e77226b23ec27ba93c5db3da2043afc6e5,0x51787a2c56d710c68140bdadefd3a98bff96feb4,35000000000000000000,1615949801
1330,0x51787a2c56d710c68140bdadefd3a98bff96feb4,0x3945476e477de76d53b4833a46c806ef3d72b21e,4000000000000000000,1551910088
1333,0xbace1e5f9cb38f56fa8b096e3fe940d9c34d189d,0x6b357e2cbae33cfb53ae9c136829d98def4a9561,3000000000000000000,1602292426
1337,0xbfecec47dd8bf5f6264a9830a9d26ef387c38a67,0x6b357e2cbae33cfb53ae9c136829d98def4a9561,13370000000000000000,1603119007
1338,0xc731178b162a927985d57ee9b86c2a055f9bcb68,0x6b357e2cbae33cfb53ae9c136829d98def4a9561,69500000000000000000,1600990373
1345,0x4f0a954de3430c5486d601813bdb5efcf598bfdd,0x0fc079e62cfa79a23c484bd04211e1294056896c,2000000000000000000,1557702126
1345,0x0fc079e62cfa79a23c484bd04211e1294056896c,0x7fd81a88f3915197f0d5a4d84e9448fe3327a131,1500000000000000000,1543617565
1346,0xd5c196b5b67e624738d85ab5a98534e68fd2c88e,0xd9bbe78876a10128522d95799c9ff4f0f22f5c0d,1783439953703703703,1605022073
1346,0xd9bbe78876a10128522d95799c9ff4f0f22f5c0d,0x53ede7cae3eb6a7d11429fe589c0278c9acbe21a,272447955246913581,1550379395
1347,0x3945476e477de76d53b4833a46c806ef3d72b21e,0x53ede7cae3eb6a7d11429fe589c0278c9acbe21a,1100000000000000000,1551944187
1348,0x8b51c1ba09ee33e7649cac62ccb6d0f410f5647a,0x0b946efae53975b97a0d1d02f75fabf55d0d6a96,3500000000000000000,1601093355
1348,0x0b946efae53975b97a0d1d02f75fabf55d0d6a96,0xa374a95b8246cc6d9c5bb660a913571be8c2d8aa,2200000000000000000,1585985925
1349,0x21099184e7b0be245e3eed492288a07de2c64fd7,0x53ede7cae3eb6a7d11429fe589c0278c9acbe21a,1473006134259259260,1548602704
1350,0xe91cbc483a8fda6bc377ad8b8c717f386a93d349,0xf9b45a3c3ade1d975566da21b262d3afaf611833,5000000000000000000,1613918454
1350,0xdff43447c9ef32c0dc2546013af412827a33497c,0x21099184e7b0be245e3eed492288a07de2c64fd7,1500000000000000000,1598188612
1350,0x21099184e7b0be245e3eed492288a07de2c64fd7,0x53ede7cae3eb6a7d11429fe589c0278c9acbe21a,1100000000000000000,1551899972
1353,0x6439543a2ff1d78d25abdc8daa75bb004e210183,0xf7ee6c2f811b52c72efd167a1bb3f4adaa1e0f89,11000000000000000000,1613320302
1363,0x6b357e2cbae33cfb53ae9c136829d98def4a9561,0x453dbece037e908e3f1ac6b7b638f51124054f6d,17000000000000000000,1600993875
1364,0x5e4b61220039823aef8a54efbe47773194494f77,0x7fd81a88f3915197f0d5a4d84e9448fe3327a131,850000000000000000,1545283486
1365,0x21099184e7b0be245e3eed492288a07de2c64fd7,0x665498c14f80647d2a57a1f54eee4aaa9920fae8,4000000000000000000,1601088265
1365,0x665498c14f80647d2a57a1f54eee4aaa9920fae8,0xf7ee6c2f811b52c72efd167a1bb3f4adaa1e0f89,1541130952380952381,1556061742
1365,0xf7ee6c2f811b52c72efd167a1bb3f4adaa1e0f89,0x53ede7cae3eb6a7d11429fe589c0278c9acbe21a,1450000000000000000,1541616289
1366,0xeeadc5701b5fd25fbcc7fbf04b048cdb1fff1c65,0x53ede7cae3eb6a7d11429fe589c0278c9acbe21a,1450000000000000000,1544904498
1367,0xc731178b162a927985d57ee9b86c2a055f9bcb68,0x6b357e2cbae33cfb53ae9c136829d98def4a9561,150000000000000000000,1600988713
1367,0x6b357e2cbae33cfb53ae9c136829d98def4a9561,0x53ede7cae3eb6a7d11429fe589c0278c9acbe21a,50000000000000000000,1539894433
1368,0xd92de6e84ca5be801feb311084e1092aeb233e00,0x0f25c5ac5cbed4ff15aab4ca3639f87a453b9ab8,3500000000000000000,1552359121
1368,0x0f25c5ac5cbed4ff15aab4ca3639f87a453b9ab8,0x53ede7cae3eb6a7d11429fe589c0278c9acbe21a,3300000000000000000,1551993418
1369,0xff18298382948028f9d93c4e32be1382204022c8,0xf8cd644baf494d13406187cf8628754dca0a10c2,16000000000000000000,1601270132
1370,0x6b357e2cbae33cfb53ae9c136829d98def4a9561,0x53ede7cae3eb6a7d11429fe589c0278c9acbe21a,27500000000000000000,1540505131
1371,0x2d90331b87246af3a99dfe2672ebd114d887be71,0x53ede7cae3eb6a7d11429fe589c0278c9acbe21a,345693904320987655,1548479039
1372,0x5b50fb8281cb679a3102d3de22dd05a1ad895e8f,0x53ede7cae3eb6a7d11429fe589c0278c9acbe21a,285060802469135803,1550051490
1373,0x2ab5db5654fa8191cd7e3518cb91a3e53af27e25,0x694595ff7eca7e0b30fc3e71d690e0ca3aa66b04,1988643518518518518,1602275774
1373,0x694595ff7eca7e0b30fc3e71d690e0ca3aa66b04,0x53ede7cae3eb6a7d11429fe589c0278c9acbe21a,275000000000000000,1579340383
1374,0x685a8de16b2dcbc4ae0329cd80ccd8648b37d9fc,0x53ede7cae3eb6a7d11429fe589c0278c9acbe21a,315543557098765433,1549260441
1375,0xcb576510a5ecb0e8ba45228dce6dcf08d2f76acf,0x52af787439a82f36d6ef6b0da0f0e5ecce29ff90,600000000000000000,1601677659
1375,0x52af787439a82f36d6ef6b0da0f0e5ecce29ff90,0x665498c14f80647d2a57a1f54eee4aaa9920fae8,270000000000000000,1541021548
1376,0x730952cc677b1f432893d53cbf528baccbbf2441,0x53ede7cae3eb6a7d11429fe589c0278c9acbe21a,1450000000000000000,1541598027
1377,0x2b930761f11dd3afc29e5c40bef8bb9bf12ab61e,0x51787a2c56d710c68140bdadefd3a98bff96feb4,1350000000000000000,1613871680
1377,0x51787a2c56d710c68140bdadefd3a98bff96feb4,0x21099184e7b0be245e3eed492288a07de2c64fd7,500000000000000000,1551738905
1377,0x21099184e7b0be245e3eed492288a07de2c64fd7,0x7c22564ed22d398192bf38008228d64eb72765db,164586805555555556,1537900339
1378,0xb00a2b8fe5ee2e136d402fedf9486e4fe54c26dd,0xa6518bee322af13ba71c471b3527416ed08ad2a4,150000000000000000,1579056134
1378,0xa6518bee322af13ba71c471b3527416ed08ad2a4,0x004f980394e98123e0a3414f7eb25a9f2c123d04,70964120370370371,1567223273
1378,0x004f980394e98123e0a3414f7eb25a9f2c123d04,0x21099184e7b0be245e3eed492288a07de2c64fd7,350000000000000000,1545802760
1378,0x21099184e7b0be245e3eed492288a07de2c64fd7,0x7c22564ed22d398192bf38008228d64eb72765db,172178819444444445,1537895973
1379,0x273dcb3686383a4dbf9092e0e6b2e21a8194a541,0x665498c14f80647d2a57a1f54eee4aaa9920fae8,1290000000000000000,1553296875
1379,0x665498c14f80647d2a57a1f54eee4aaa9920fae8,0x29ecaa773f052d14ec5258b352ee7304f57aabc3,415673842592592593,1527403309
1380,0xb71d05cf5cdf7a9b15b20b9aab5e91332c271c96,0x21099184e7b0be245e3eed492288a07de2c64fd7,190000000000000000,1539270599
1380,0x21099184e7b0be245e3eed492288a07de2c64fd7,0x7c22564ed22d398192bf38008228d64eb72765db,164682291666666667,1537900291
1384,0xf521bb7437bec77b0b15286dc3f49a87b9946773,0x2a422e9ccb679de6810f6aef3b644b8706186390,750000000000000000,1562241419
1384,0xcc57b61f380e5b90f2118aeaf22aa444a6e34a4a,0x45969056002faf220e505bcd39fee1d1a7c8ab15,1100000000000000000,1536878215
1387,0x9b7061023cd42263448d48c48572507f19f39b78,0x51787a2c56d710c68140bdadefd3a98bff96feb4,1660000000000000000,1594389775
1387,0x51787a2c56d710c68140bdadefd3a98bff96feb4,0x08797952462b82db639ddbfdef2ab1718ffa7676,1660943094135802469,1551953548
1388,0x2734cab091da4d65fae280c4e36682fa3daae732,0x3f86f18322a888d9b3adef38f127c941bccc014d,3000000000000000000,1600828892
1388,0x3f86f18322a888d9b3adef38f127c941bccc014d,0x21099184e7b0be245e3eed492288a07de2c64fd7,2500000000000000000,1554177176
1388,0xa6518bee322af13ba71c471b3527416ed08ad2a4,0x3d434011da236dcc7c0e89102657290c3f57081e,1048003472222222223,1545831035
1388,0x3d434011da236dcc7c0e89102657290c3f57081e,0x45969056002faf220e505bcd39fee1d1a7c8ab15,1450000000000000000,1537740662
1398,0xa3530b41eff9453a9cc33828d8f6c3b28582deef,0x9cb8c1463471ee4d8dd6887035f4835a1745e92a,8500000000000000000,1614167294
1398,0x5763542e5de5f524037b6c90623d00e0d6099bde,0xbaa28b90bf5e89b58a0234452d8f0b1db13f0fb0,1395530092592592593,1548867483
1398,0xbaa28b90bf5e89b58a0234452d8f0b1db13f0fb0,0x665498c14f80647d2a57a1f54eee4aaa9920fae8,1300000000000000000,1544704365
1398,0x665498c14f80647d2a57a1f54eee4aaa9920fae8,0x45969056002faf220e505bcd39fee1d1a7c8ab15,1350000000000000000,1537415035
1400,0x21099184e7b0be245e3eed492288a07de2c64fd7,0x95096780efd48fa66483bc197677e89f37ca0cb5,1444031635802469136,1541349271
1402,0xe293390d7651234c6dfb1f41a47358b9377c004f,0x7a21881bb29f53970ca9cfdecd199789e23f5880,1490000000000000000,1575987285
1404,0xcb5c0d33d92e4910daa24825db8af9b64e17c33c,0x2a422e9ccb679de6810f6aef3b644b8706186390,1250000000000000000,1558001648
1404,0x6f236efa8d1ab2d9fe0d48f7dbe956e937730d00,0x45969056002faf220e505bcd39fee1d1a7c8ab15,1450000000000000000,1536759705
1421,0x972eebcb30252640c60c7e4821b15118f03b267e,0x610aec3851d7688c4c8aef3a6173f667e8beef73,4685651041666666667,1612032854
1421,0x21099184e7b0be245e3eed492288a07de2c64fd7,0x45969056002faf220e505bcd39fee1d1a7c8ab15,1450000000000000000,1537321072
1424,0x796f2f1f3dd42d8acfb03aec7134aa14a84ba268,0xf906a5e342bf46ecc8ac38b4d9c11c07715a0638,3650000000000000000,1609710457
1429,0xf521bb7437bec77b0b15286dc3f49a87b9946773,0xbace1e5f9cb38f56fa8b096e3fe940d9c34d189d,1375865740740740741,1602081871
1430,0x21099184e7b0be245e3eed492288a07de2c64fd7,0x45969056002faf220e505bcd39fee1d1a7c8ab15,1350000000000000000,1537320859
1441,0x5ea1d56d0dde1ca5b50c277275855f69edefa169,0x45969056002faf220e505bcd39fee1d1a7c8ab15,2000000000000000000,1536638511
1442,0xb3212858908c726353887278409d209f17e9d386,0xa4e7918fb5f4a8c12f9513b193be1d764d5757dc,125928761574074075,1586982062
1442,0x9aca21d4c170c80610593640ca3f1afd23a19562,0x2630b80f4fd862aca4010fbfefa2081fc631d20c,250000000000000000,1550962587
1442,0x7405fe24003a50e4f4117d35e9b5a9f5e512fede,0xf7ee6c2f811b52c72efd167a1bb3f4adaa1e0f89,285957031250000000,1543299051
1442,0xf7ee6c2f811b52c72efd167a1bb3f4adaa1e0f89,0x721931508df2764fd4f70c53da646cb8aed16ace,700000000000000000,1539266749
1457,0xeab37b9b0b3ff2d24e70bcf7b15ff574b410c4d5,0xd4d8564baace86315f02e91d1afd54a5979719e3,12817006944444444445,1601183564
1457,0xd4d8564baace86315f02e91d1afd54a5979719e3,0x45969056002faf220e505bcd39fee1d1a7c8ab15,3500000000000000000,1551719806
1470,0x8590eb6d3b4cf6156cffe8fefa2543d842fd2456,0x721931508df2764fd4f70c53da646cb8aed16ace,300000000000000000,1546826129
1471,0xd92de6e84ca5be801feb311084e1092aeb233e00,0x45969056002faf220e505bcd39fee1d1a7c8ab15,3500000000000000000,1552359299
1477,0x84957e6c9f6ccfed9c35c850c3903732ed90858a,0x94c3b6c4c2267d43437f7105225b41d7cbe28f67,1950000000000000000,1614976813
1486,0xf8cd644baf494d13406187cf8628754dca0a10c2,0x95096780efd48fa66483bc197677e89f37ca0cb5,1501023437500000000,1548865513
1498,0x8b7b509c01838a0d197a8154c5bf00a3f56ff615,0x0a45e15a655a33bc5393596734148a9cc6292186,1580000000000000000,1605163765
